{"stats":{"minecraft:picked_up":{"minecraft:oak_log":3},"minecraft:custom":{"minecraft:jump":31,"minecraft:time_since_rest":1626,"minecraft:leave_game":1,"minecraft:sprint_one_cm":3916,"minecraft:play_time":1626,"minecraft:time_since_death":1626,"minecraft:walk_one_cm":4481,"minecraft:total_world_time":1626,"minecraft:interact_with_crafting_table":2,"minecraft:fall_one_cm":1254,"minecraft:fly_one_cm":10011},"minecraft:mined":{"minecraft:azalea_leaves":1,"minecraft:oak_log":3,"minecraft:flowering_azalea_leaves":1},"minecraft:used":{"minecraft:crafting_table":1},"minecraft:crafted":{"minecraft:crafting_table":1,"minecraft:oak_planks":12,"minecraft:stick":4,"minecraft:wooden_pickaxe":1}},"DataVersion":3120}